epoch,train_loss,train_mae,train_rmse,train_mape,train_time,val_loss,val_mae,val_rmse,val_mape,val_time
1,184.0223901483077,"tensor(184.0224, device='cuda:0', grad_fn=<MeanBackward0>)","tensor(239.4900, device='cuda:0', grad_fn=<SqrtBackward0>)","tensor(0.8917, device='cuda:0', grad_fn=<MeanBackward0>)",21.60993266105652,178.8837056526771,"tensor(178.8837, device='cuda:0')","tensor(235.1159, device='cuda:0')","tensor(0.9195, device='cuda:0')",2.065103054046631
2,153.31551882586902,"tensor(153.3155, device='cuda:0', grad_fn=<MeanBackward0>)","tensor(207.2335, device='cuda:0', grad_fn=<SqrtBackward0>)","tensor(1.0569, device='cuda:0', grad_fn=<MeanBackward0>)",21.904030084609985,156.0947170991164,"tensor(156.0947, device='cuda:0')","tensor(208.4292, device='cuda:0')","tensor(1.1431, device='cuda:0')",2.3237850666046143
3,138.0383288709423,"tensor(138.0383, device='cuda:0', grad_fn=<MeanBackward0>)","tensor(186.3245, device='cuda:0', grad_fn=<SqrtBackward0>)","tensor(1.3325, device='cuda:0', grad_fn=<MeanBackward0>)",21.280810117721558,144.19730391869177,"tensor(144.1973, device='cuda:0')","tensor(191.3191, device='cuda:0')","tensor(1.3718, device='cuda:0')",2.213979482650757
4,131.09554855732978,"tensor(131.0955, device='cuda:0', grad_fn=<MeanBackward0>)","tensor(174.0212, device='cuda:0', grad_fn=<SqrtBackward0>)","tensor(1.5711, device='cuda:0', grad_fn=<MeanBackward0>)",21.676162719726562,138.15913053659293,"tensor(138.1591, device='cuda:0')","tensor(180.8610, device='cuda:0')","tensor(1.5612, device='cuda:0')",2.4659435749053955
5,128.00120259538483,"tensor(128.0012, device='cuda:0', grad_fn=<MeanBackward0>)","tensor(166.8836, device='cuda:0', grad_fn=<SqrtBackward0>)","tensor(1.7615, device='cuda:0', grad_fn=<MeanBackward0>)",21.96854281425476,135.1761812063364,"tensor(135.1762, device='cuda:0')","tensor(174.7801, device='cuda:0')","tensor(1.7015, device='cuda:0')",2.5266361236572266
6,126.81924520564985,"tensor(126.8192, device='cuda:0', grad_fn=<MeanBackward0>)","tensor(163.1304, device='cuda:0', grad_fn=<SqrtBackward0>)","tensor(1.8892, device='cuda:0', grad_fn=<MeanBackward0>)",21.925923109054565,133.91067182100736,"tensor(133.9107, device='cuda:0')","tensor(171.6834, device='cuda:0')","tensor(1.7880, device='cuda:0')",2.345444679260254
7,126.4762556824503,"tensor(126.4763, device='cuda:0', grad_fn=<MeanBackward0>)","tensor(161.3556, device='cuda:0', grad_fn=<SqrtBackward0>)","tensor(1.9673, device='cuda:0', grad_fn=<MeanBackward0>)",22.36161732673645,133.3634738922119,"tensor(133.3635, device='cuda:0')","tensor(170.1202, device='cuda:0')","tensor(1.8375, device='cuda:0')",2.375844717025757
8,126.34411992906016,"tensor(126.3441, device='cuda:0', grad_fn=<MeanBackward0>)","tensor(160.3064, device='cuda:0', grad_fn=<SqrtBackward0>)","tensor(2.0156, device='cuda:0', grad_fn=<MeanBackward0>)",22.370462894439697,133.1069696866549,"tensor(133.1070, device='cuda:0')","tensor(169.3008, device='cuda:0')","tensor(1.8656, device='cuda:0')",2.3018686771392822
9,126.36607708508456,"tensor(126.3661, device='cuda:0', grad_fn=<MeanBackward0>)","tensor(160.0787, device='cuda:0', grad_fn=<SqrtBackward0>)","tensor(2.0306, device='cuda:0', grad_fn=<MeanBackward0>)",22.296168327331543,133.06818727346567,"tensor(133.0682, device='cuda:0')","tensor(169.1709, device='cuda:0')","tensor(1.8702, device='cuda:0')",2.546194553375244
10,126.35270773006391,"tensor(126.3527, device='cuda:0', grad_fn=<MeanBackward0>)","tensor(159.9686, device='cuda:0', grad_fn=<SqrtBackward0>)","tensor(2.0361, device='cuda:0', grad_fn=<MeanBackward0>)",21.991443634033203,132.98519765413724,"tensor(132.9852, device='cuda:0')","tensor(168.8845, device='cuda:0')","tensor(1.8805, device='cuda:0')",2.58817458152771
11,126.33252865755105,"tensor(126.3325, device='cuda:0', grad_fn=<MeanBackward0>)","tensor(159.9160, device='cuda:0', grad_fn=<SqrtBackward0>)","tensor(2.0374, device='cuda:0', grad_fn=<MeanBackward0>)",21.864134311676025,132.9189486870399,"tensor(132.9189, device='cuda:0')","tensor(168.6450, device='cuda:0')","tensor(1.8893, device='cuda:0')",2.3772168159484863
12,126.33869692645496,"tensor(126.3387, device='cuda:0', grad_fn=<MeanBackward0>)","tensor(159.6897, device='cuda:0', grad_fn=<SqrtBackward0>)","tensor(2.0480, device='cuda:0', grad_fn=<MeanBackward0>)",22.143192768096924,132.9761698796199,"tensor(132.9762, device='cuda:0')","tensor(168.8536, device='cuda:0')","tensor(1.8816, device='cuda:0')",2.372318983078003
13,126.34180180030533,"tensor(126.3418, device='cuda:0', grad_fn=<MeanBackward0>)","tensor(159.8341, device='cuda:0', grad_fn=<SqrtBackward0>)","tensor(2.0409, device='cuda:0', grad_fn=<MeanBackward0>)",22.08376145362854,132.9412808051476,"tensor(132.9413, device='cuda:0')","tensor(168.7268, device='cuda:0')","tensor(1.8863, device='cuda:0')",2.5468485355377197
14,126.29586294632924,"tensor(126.2959, device='cuda:0', grad_fn=<MeanBackward0>)","tensor(159.6755, device='cuda:0', grad_fn=<SqrtBackward0>)","tensor(2.0484, device='cuda:0', grad_fn=<MeanBackward0>)",22.679315090179443,132.98893547058105,"tensor(132.9889, device='cuda:0')","tensor(168.8974, device='cuda:0')","tensor(1.8800, device='cuda:0')",2.304600477218628
15,126.33251832406732,"tensor(126.3325, device='cuda:0', grad_fn=<MeanBackward0>)","tensor(159.9286, device='cuda:0', grad_fn=<SqrtBackward0>)","tensor(2.0389, device='cuda:0', grad_fn=<MeanBackward0>)",22.769999742507935,132.99201129033014,"tensor(132.9920, device='cuda:0')","tensor(168.9084, device='cuda:0')","tensor(1.8796, device='cuda:0')",2.3050224781036377
16,126.33695935599411,"tensor(126.3369, device='cuda:0', grad_fn=<MeanBackward0>)","tensor(159.7781, device='cuda:0', grad_fn=<SqrtBackward0>)","tensor(2.0439, device='cuda:0', grad_fn=<MeanBackward0>)",22.685604333877563,132.9649062523475,"tensor(132.9649, device='cuda:0')","tensor(168.8138, device='cuda:0')","tensor(1.8831, device='cuda:0')",2.306347370147705
17,126.379679860948,"tensor(126.3797, device='cuda:0', grad_fn=<MeanBackward0>)","tensor(159.8143, device='cuda:0', grad_fn=<SqrtBackward0>)","tensor(2.0469, device='cuda:0', grad_fn=<MeanBackward0>)",22.24513006210327,132.97314541156476,"tensor(132.9731, device='cuda:0')","tensor(168.8430, device='cuda:0')","tensor(1.8820, device='cuda:0')",2.5721542835235596
18,126.3572640237929,"tensor(126.3573, device='cuda:0', grad_fn=<MeanBackward0>)","tensor(159.9279, device='cuda:0', grad_fn=<SqrtBackward0>)","tensor(2.0351, device='cuda:0', grad_fn=<MeanBackward0>)",22.191128253936768,132.92273668142465,"tensor(132.9227, device='cuda:0')","tensor(168.6587, device='cuda:0')","tensor(1.8888, device='cuda:0')",2.6022789478302
19,126.40832017343256,"tensor(126.4083, device='cuda:0', grad_fn=<MeanBackward0>)","tensor(159.8620, device='cuda:0', grad_fn=<SqrtBackward0>)","tensor(2.0453, device='cuda:0', grad_fn=<MeanBackward0>)",22.31770896911621,132.9507352388822,"tensor(132.9507, device='cuda:0')","tensor(168.7613, device='cuda:0')","tensor(1.8850, device='cuda:0')",2.368479013442993
20,105.24849966507924,"tensor(105.2485, device='cuda:0', grad_fn=<MeanBackward0>)","tensor(146.3290, device='cuda:0', grad_fn=<SqrtBackward0>)","tensor(1.2049, device='cuda:0', grad_fn=<MeanBackward0>)",22.384729385375977,80.70139162357037,"tensor(80.7014, device='cuda:0')","tensor(126.9530, device='cuda:0')","tensor(0.3598, device='cuda:0')",2.4108493328094482
21,55.6923355875136,"tensor(55.6923, device='cuda:0', grad_fn=<MeanBackward0>)","tensor(96.3256, device='cuda:0', grad_fn=<SqrtBackward0>)","tensor(0.2791, device='cuda:0', grad_fn=<MeanBackward0>)",22.743358612060547,50.247441640267006,"tensor(50.2474, device='cuda:0')","tensor(88.5057, device='cuda:0')","tensor(0.2250, device='cuda:0')",2.5393495559692383
22,39.782294007796274,"tensor(39.7823, device='cuda:0', grad_fn=<MeanBackward0>)","tensor(71.9720, device='cuda:0', grad_fn=<SqrtBackward0>)","tensor(0.2092, device='cuda:0', grad_fn=<MeanBackward0>)",23.225798845291138,39.43032646179199,"tensor(39.4303, device='cuda:0')","tensor(70.9028, device='cuda:0')","tensor(0.1888, device='cuda:0')",2.4715054035186768
23,33.19271746768227,"tensor(33.1927, device='cuda:0', grad_fn=<MeanBackward0>)","tensor(59.7889, device='cuda:0', grad_fn=<SqrtBackward0>)","tensor(0.1895, device='cuda:0', grad_fn=<MeanBackward0>)",22.784093856811523,34.08081029011653,"tensor(34.0808, device='cuda:0')","tensor(60.9734, device='cuda:0')","tensor(0.1766, device='cuda:0')",2.489628791809082
24,29.52930165544341,"tensor(29.5293, device='cuda:0', grad_fn=<MeanBackward0>)","tensor(52.6256, device='cuda:0', grad_fn=<SqrtBackward0>)","tensor(0.1769, device='cuda:0', grad_fn=<MeanBackward0>)",22.692508459091187,30.88058981528649,"tensor(30.8806, device='cuda:0')","tensor(54.7304, device='cuda:0')","tensor(0.1694, device='cuda:0')",2.798302412033081
25,27.336205241046375,"tensor(27.3362, device='cuda:0', grad_fn=<MeanBackward0>)","tensor(48.0692, device='cuda:0', grad_fn=<SqrtBackward0>)","tensor(0.1696, device='cuda:0', grad_fn=<MeanBackward0>)",22.44070029258728,29.624697776941154,"tensor(29.6247, device='cuda:0')","tensor(51.2354, device='cuda:0')","tensor(0.1740, device='cuda:0')",3.1053061485290527
26,25.76561246944379,"tensor(25.7656, device='cuda:0', grad_fn=<MeanBackward0>)","tensor(44.8726, device='cuda:0', grad_fn=<SqrtBackward0>)","tensor(0.1634, device='cuda:0', grad_fn=<MeanBackward0>)",22.32053852081299,27.19419160256019,"tensor(27.1942, device='cuda:0')","tensor(47.4499, device='cuda:0')","tensor(0.1543, device='cuda:0')",2.6016616821289062
27,24.560648652571665,"tensor(24.5606, device='cuda:0', grad_fn=<MeanBackward0>)","tensor(42.4494, device='cuda:0', grad_fn=<SqrtBackward0>)","tensor(0.1581, device='cuda:0', grad_fn=<MeanBackward0>)",22.48938250541687,26.026258835425743,"tensor(26.0263, device='cuda:0')","tensor(45.1000, device='cuda:0')","tensor(0.1493, device='cuda:0')",2.3368589878082275
28,23.53828209261351,"tensor(23.5383, device='cuda:0', grad_fn=<MeanBackward0>)","tensor(40.4853, device='cuda:0', grad_fn=<SqrtBackward0>)","tensor(0.1534, device='cuda:0', grad_fn=<MeanBackward0>)",22.5216224193573,25.21318606229929,"tensor(25.2132, device='cuda:0')","tensor(43.2885, device='cuda:0')","tensor(0.1466, device='cuda:0')",2.51572847366333
29,22.902761290345012,"tensor(22.9028, device='cuda:0', grad_fn=<MeanBackward0>)","tensor(39.0669, device='cuda:0', grad_fn=<SqrtBackward0>)","tensor(0.1513, device='cuda:0', grad_fn=<MeanBackward0>)",22.522099494934082,24.564345378142136,"tensor(24.5643, device='cuda:0')","tensor(41.7841, device='cuda:0')","tensor(0.1550, device='cuda:0')",2.5658018589019775
30,22.248517845250383,"tensor(22.2485, device='cuda:0', grad_fn=<MeanBackward0>)","tensor(37.7784, device='cuda:0', grad_fn=<SqrtBackward0>)","tensor(0.1484, device='cuda:0', grad_fn=<MeanBackward0>)",22.133415937423706,23.97071026838743,"tensor(23.9707, device='cuda:0')","tensor(40.4783, device='cuda:0')","tensor(0.1472, device='cuda:0')",3.3514513969421387
31,21.818067273007163,"tensor(21.8181, device='cuda:0', grad_fn=<MeanBackward0>)","tensor(36.8067, device='cuda:0', grad_fn=<SqrtBackward0>)","tensor(0.1469, device='cuda:0', grad_fn=<MeanBackward0>)",22.648667335510254,23.207747707000145,"tensor(23.2077, device='cuda:0')","tensor(39.2439, device='cuda:0')","tensor(0.1392, device='cuda:0')",2.6887943744659424
32,21.375289228898062,"tensor(21.3753, device='cuda:0', grad_fn=<MeanBackward0>)","tensor(35.9364, device='cuda:0', grad_fn=<SqrtBackward0>)","tensor(0.1446, device='cuda:0', grad_fn=<MeanBackward0>)",22.251566171646118,22.825692937924313,"tensor(22.8257, device='cuda:0')","tensor(38.3456, device='cuda:0')","tensor(0.1392, device='cuda:0')",2.261193037033081
33,20.997887406168104,"tensor(20.9979, device='cuda:0', grad_fn=<MeanBackward0>)","tensor(35.1712, device='cuda:0', grad_fn=<SqrtBackward0>)","tensor(0.1433, device='cuda:0', grad_fn=<MeanBackward0>)",22.34562039375305,22.582852106827957,"tensor(22.5829, device='cuda:0')","tensor(37.6300, device='cuda:0')","tensor(0.1426, device='cuda:0')",2.641854763031006
34,20.698241523549527,"tensor(20.6982, device='cuda:0', grad_fn=<MeanBackward0>)","tensor(34.5758, device='cuda:0', grad_fn=<SqrtBackward0>)","tensor(0.1419, device='cuda:0', grad_fn=<MeanBackward0>)",22.343858242034912,22.252091847933254,"tensor(22.2521, device='cuda:0')","tensor(37.0912, device='cuda:0')","tensor(0.1342, device='cuda:0')",2.4800503253936768
35,20.448000775107854,"tensor(20.4480, device='cuda:0', grad_fn=<MeanBackward0>)","tensor(34.0519, device='cuda:0', grad_fn=<SqrtBackward0>)","tensor(0.1409, device='cuda:0', grad_fn=<MeanBackward0>)",22.51802897453308,21.910942004277157,"tensor(21.9109, device='cuda:0')","tensor(36.3862, device='cuda:0')","tensor(0.1352, device='cuda:0')",2.6032094955444336
36,20.156895939307876,"tensor(20.1569, device='cuda:0', grad_fn=<MeanBackward0>)","tensor(33.5400, device='cuda:0', grad_fn=<SqrtBackward0>)","tensor(0.1391, device='cuda:0', grad_fn=<MeanBackward0>)",22.237412214279175,21.600038170814514,"tensor(21.6000, device='cuda:0')","tensor(35.8836, device='cuda:0')","tensor(0.1338, device='cuda:0')",2.5954320430755615
37,19.944887076752096,"tensor(19.9449, device='cuda:0', grad_fn=<MeanBackward0>)","tensor(33.1114, device='cuda:0', grad_fn=<SqrtBackward0>)","tensor(0.1387, device='cuda:0', grad_fn=<MeanBackward0>)",22.359697341918945,21.42722583734072,"tensor(21.4272, device='cuda:0')","tensor(35.4656, device='cuda:0')","tensor(0.1360, device='cuda:0')",2.423774480819702
38,19.808126896242552,"tensor(19.8081, device='cuda:0', grad_fn=<MeanBackward0>)","tensor(32.8083, device='cuda:0', grad_fn=<SqrtBackward0>)","tensor(0.1383, device='cuda:0', grad_fn=<MeanBackward0>)",22.802162885665894,21.29476073155036,"tensor(21.2948, device='cuda:0')","tensor(35.0713, device='cuda:0')","tensor(0.1383, device='cuda:0')",2.6441009044647217
39,19.685780742500402,"tensor(19.6858, device='cuda:0', grad_fn=<MeanBackward0>)","tensor(32.5324, device='cuda:0', grad_fn=<SqrtBackward0>)","tensor(0.1378, device='cuda:0', grad_fn=<MeanBackward0>)",22.66739559173584,21.118715671392586,"tensor(21.1187, device='cuda:0')","tensor(34.8012, device='cuda:0')","tensor(0.1300, device='cuda:0')",2.467094659805298
40,19.469665804995767,"tensor(19.4697, device='cuda:0', grad_fn=<MeanBackward0>)","tensor(32.1789, device='cuda:0', grad_fn=<SqrtBackward0>)","tensor(0.1367, device='cuda:0', grad_fn=<MeanBackward0>)",22.92101550102234,20.99356571527628,"tensor(20.9936, device='cuda:0')","tensor(34.4696, device='cuda:0')","tensor(0.1339, device='cuda:0')",2.441147565841675
41,19.348877315279804,"tensor(19.3489, device='cuda:0', grad_fn=<MeanBackward0>)","tensor(31.9454, device='cuda:0', grad_fn=<SqrtBackward0>)","tensor(0.1357, device='cuda:0', grad_fn=<MeanBackward0>)",22.667072296142578,20.86901869223668,"tensor(20.8690, device='cuda:0')","tensor(34.1983, device='cuda:0')","tensor(0.1319, device='cuda:0')",2.6578454971313477
42,19.213076881215542,"tensor(19.2131, device='cuda:0', grad_fn=<MeanBackward0>)","tensor(31.7046, device='cuda:0', grad_fn=<SqrtBackward0>)","tensor(0.1355, device='cuda:0', grad_fn=<MeanBackward0>)",22.498964548110962,20.748885228083683,"tensor(20.7489, device='cuda:0')","tensor(33.9895, device='cuda:0')","tensor(0.1306, device='cuda:0')",2.5727434158325195
43,19.12288114089,"tensor(19.1229, device='cuda:0', grad_fn=<MeanBackward0>)","tensor(31.5197, device='cuda:0', grad_fn=<SqrtBackward0>)","tensor(0.1351, device='cuda:0', grad_fn=<MeanBackward0>)",22.473321199417114,20.630070658830498,"tensor(20.6301, device='cuda:0')","tensor(33.8457, device='cuda:0')","tensor(0.1300, device='cuda:0')",2.790832757949829
44,18.98700463017331,"tensor(18.9870, device='cuda:0', grad_fn=<MeanBackward0>)","tensor(31.3016, device='cuda:0', grad_fn=<SqrtBackward0>)","tensor(0.1341, device='cuda:0', grad_fn=<MeanBackward0>)",22.73533582687378,20.857167647435116,"tensor(20.8572, device='cuda:0')","tensor(33.9665, device='cuda:0')","tensor(0.1286, device='cuda:0')",2.5741829872131348
45,18.9009541137309,"tensor(18.9010, device='cuda:0', grad_fn=<MeanBackward0>)","tensor(31.1260, device='cuda:0', grad_fn=<SqrtBackward0>)","tensor(0.1337, device='cuda:0', grad_fn=<MeanBackward0>)",22.799757480621338,20.493203218166645,"tensor(20.4932, device='cuda:0')","tensor(33.4605, device='cuda:0')","tensor(0.1289, device='cuda:0')",2.4305624961853027
46,18.8819913984854,"tensor(18.8820, device='cuda:0', grad_fn=<MeanBackward0>)","tensor(31.0515, device='cuda:0', grad_fn=<SqrtBackward0>)","tensor(0.1340, device='cuda:0', grad_fn=<MeanBackward0>)",22.818421602249146,20.440388046778164,"tensor(20.4404, device='cuda:0')","tensor(33.3649, device='cuda:0')","tensor(0.1285, device='cuda:0')",2.4617562294006348
47,18.758606355401533,"tensor(18.7586, device='cuda:0', grad_fn=<MeanBackward0>)","tensor(30.8578, device='cuda:0', grad_fn=<SqrtBackward0>)","tensor(0.1331, device='cuda:0', grad_fn=<MeanBackward0>)",22.929439067840576,20.589249455011807,"tensor(20.5892, device='cuda:0')","tensor(33.3966, device='cuda:0')","tensor(0.1280, device='cuda:0')",2.8414831161499023
48,18.73201034642473,"tensor(18.7320, device='cuda:0', grad_fn=<MeanBackward0>)","tensor(30.7895, device='cuda:0', grad_fn=<SqrtBackward0>)","tensor(0.1328, device='cuda:0', grad_fn=<MeanBackward0>)",23.09591031074524,20.270655613679153,"tensor(20.2707, device='cuda:0')","tensor(33.1154, device='cuda:0')","tensor(0.1303, device='cuda:0')",2.9189116954803467
49,18.611186220676085,"tensor(18.6112, device='cuda:0', grad_fn=<MeanBackward0>)","tensor(30.6196, device='cuda:0', grad_fn=<SqrtBackward0>)","tensor(0.1322, device='cuda:0', grad_fn=<MeanBackward0>)",23.2884202003479,20.23008120059967,"tensor(20.2301, device='cuda:0')","tensor(33.0020, device='cuda:0')","tensor(0.1300, device='cuda:0')",2.7915356159210205
50,18.525323517714874,"tensor(18.5253, device='cuda:0', grad_fn=<MeanBackward0>)","tensor(30.4800, device='cuda:0', grad_fn=<SqrtBackward0>)","tensor(0.1317, device='cuda:0', grad_fn=<MeanBackward0>)",22.53505778312683,20.25315468127911,"tensor(20.2532, device='cuda:0')","tensor(32.9599, device='cuda:0')","tensor(0.1277, device='cuda:0')",2.3341150283813477
51,18.50454792795302,"tensor(18.5045, device='cuda:0', grad_fn=<MeanBackward0>)","tensor(30.4143, device='cuda:0', grad_fn=<SqrtBackward0>)","tensor(0.1321, device='cuda:0', grad_fn=<MeanBackward0>)",22.880449533462524,20.112722635269165,"tensor(20.1127, device='cuda:0')","tensor(32.7643, device='cuda:0')","tensor(0.1279, device='cuda:0')",2.8444180488586426
52,18.42273779760433,"tensor(18.4227, device='cuda:0', grad_fn=<MeanBackward0>)","tensor(30.3051, device='cuda:0', grad_fn=<SqrtBackward0>)","tensor(0.1311, device='cuda:0', grad_fn=<MeanBackward0>)",22.389439344406128,20.196507554787857,"tensor(20.1965, device='cuda:0')","tensor(32.8423, device='cuda:0')","tensor(0.1307, device='cuda:0')",2.8923635482788086
53,18.412339355372175,"tensor(18.4123, device='cuda:0', grad_fn=<MeanBackward0>)","tensor(30.2597, device='cuda:0', grad_fn=<SqrtBackward0>)","tensor(0.1313, device='cuda:0', grad_fn=<MeanBackward0>)",22.53578519821167,20.030366429915794,"tensor(20.0304, device='cuda:0')","tensor(32.6271, device='cuda:0')","tensor(0.1313, device='cuda:0')",2.6554996967315674
54,18.34865334667737,"tensor(18.3486, device='cuda:0', grad_fn=<MeanBackward0>)","tensor(30.1592, device='cuda:0', grad_fn=<SqrtBackward0>)","tensor(0.1311, device='cuda:0', grad_fn=<MeanBackward0>)",22.410470247268677,20.138062880589413,"tensor(20.1381, device='cuda:0')","tensor(32.7471, device='cuda:0')","tensor(0.1268, device='cuda:0')",2.575974225997925
55,18.338337970685355,"tensor(18.3383, device='cuda:0', grad_fn=<MeanBackward0>)","tensor(30.1140, device='cuda:0', grad_fn=<SqrtBackward0>)","tensor(0.1310, device='cuda:0', grad_fn=<MeanBackward0>)",22.292943716049194,20.004802832236656,"tensor(20.0048, device='cuda:0')","tensor(32.5841, device='cuda:0')","tensor(0.1271, device='cuda:0')",2.6414990425109863
56,18.22893174086945,"tensor(18.2289, device='cuda:0', grad_fn=<MeanBackward0>)","tensor(29.9879, device='cuda:0', grad_fn=<SqrtBackward0>)","tensor(0.1302, device='cuda:0', grad_fn=<MeanBackward0>)",23.05297303199768,19.985991111168495,"tensor(19.9860, device='cuda:0')","tensor(32.5209, device='cuda:0')","tensor(0.1283, device='cuda:0')",2.536302328109741
57,18.192424116255363,"tensor(18.1924, device='cuda:0', grad_fn=<MeanBackward0>)","tensor(29.9268, device='cuda:0', grad_fn=<SqrtBackward0>)","tensor(0.1300, device='cuda:0', grad_fn=<MeanBackward0>)",22.80918526649475,20.029796545322125,"tensor(20.0298, device='cuda:0')","tensor(32.5532, device='cuda:0')","tensor(0.1264, device='cuda:0')",2.424283742904663
58,18.1323465697373,"tensor(18.1323, device='cuda:0', grad_fn=<MeanBackward0>)","tensor(29.8347, device='cuda:0', grad_fn=<SqrtBackward0>)","tensor(0.1296, device='cuda:0', grad_fn=<MeanBackward0>)",23.035813093185425,19.924406592662518,"tensor(19.9244, device='cuda:0')","tensor(32.3783, device='cuda:0')","tensor(0.1295, device='cuda:0')",2.8257393836975098
59,18.112723266022115,"tensor(18.1127, device='cuda:0', grad_fn=<MeanBackward0>)","tensor(29.7906, device='cuda:0', grad_fn=<SqrtBackward0>)","tensor(0.1296, device='cuda:0', grad_fn=<MeanBackward0>)",22.533121347427368,19.871388517893276,"tensor(19.8714, device='cuda:0')","tensor(32.3888, device='cuda:0')","tensor(0.1272, device='cuda:0')",2.633641004562378
60,18.049076225184187,"tensor(18.0491, device='cuda:0', grad_fn=<MeanBackward0>)","tensor(29.7097, device='cuda:0', grad_fn=<SqrtBackward0>)","tensor(0.1293, device='cuda:0', grad_fn=<MeanBackward0>)",22.823204040527344,19.959141144385704,"tensor(19.9591, device='cuda:0')","tensor(32.4488, device='cuda:0')","tensor(0.1264, device='cuda:0')",2.450493335723877
61,18.052561826343776,"tensor(18.0526, device='cuda:0', grad_fn=<MeanBackward0>)","tensor(29.6976, device='cuda:0', grad_fn=<SqrtBackward0>)","tensor(0.1294, device='cuda:0', grad_fn=<MeanBackward0>)",22.416932106018066,19.80660905287816,"tensor(19.8066, device='cuda:0')","tensor(32.2917, device='cuda:0')","tensor(0.1268, device='cuda:0')",2.6258044242858887
62,17.9813879049277,"tensor(17.9814, device='cuda:0', grad_fn=<MeanBackward0>)","tensor(29.6183, device='cuda:0', grad_fn=<SqrtBackward0>)","tensor(0.1286, device='cuda:0', grad_fn=<MeanBackward0>)",22.36293387413025,19.811814088087814,"tensor(19.8118, device='cuda:0')","tensor(32.3455, device='cuda:0')","tensor(0.1254, device='cuda:0')",2.5969645977020264
63,17.983875081508973,"tensor(17.9839, device='cuda:0', grad_fn=<MeanBackward0>)","tensor(29.5864, device='cuda:0', grad_fn=<SqrtBackward0>)","tensor(0.1290, device='cuda:0', grad_fn=<MeanBackward0>)",22.37875723838806,19.78972151646247,"tensor(19.7897, device='cuda:0')","tensor(32.2534, device='cuda:0')","tensor(0.1245, device='cuda:0')",2.7727811336517334
64,17.92406975468503,"tensor(17.9241, device='cuda:0', grad_fn=<MeanBackward0>)","tensor(29.5139, device='cuda:0', grad_fn=<SqrtBackward0>)","tensor(0.1285, device='cuda:0', grad_fn=<MeanBackward0>)",21.992786407470703,19.909524835073032,"tensor(19.9095, device='cuda:0')","tensor(32.3581, device='cuda:0')","tensor(0.1253, device='cuda:0')",2.4696686267852783
65,17.890203650993637,"tensor(17.8902, device='cuda:0', grad_fn=<MeanBackward0>)","tensor(29.4595, device='cuda:0', grad_fn=<SqrtBackward0>)","tensor(0.1282, device='cuda:0', grad_fn=<MeanBackward0>)",22.51633071899414,19.838840677187992,"tensor(19.8388, device='cuda:0')","tensor(32.2593, device='cuda:0')","tensor(0.1256, device='cuda:0')",2.834967613220215
66,17.870723102666155,"tensor(17.8707, device='cuda:0', grad_fn=<MeanBackward0>)","tensor(29.4352, device='cuda:0', grad_fn=<SqrtBackward0>)","tensor(0.1281, device='cuda:0', grad_fn=<MeanBackward0>)",22.876283168792725,19.703711977371803,"tensor(19.7037, device='cuda:0')","tensor(32.1528, device='cuda:0')","tensor(0.1256, device='cuda:0')",2.5665082931518555
67,17.852317260790475,"tensor(17.8523, device='cuda:0', grad_fn=<MeanBackward0>)","tensor(29.3937, device='cuda:0', grad_fn=<SqrtBackward0>)","tensor(0.1283, device='cuda:0', grad_fn=<MeanBackward0>)",22.53401207923889,19.752495985764725,"tensor(19.7525, device='cuda:0')","tensor(32.2182, device='cuda:0')","tensor(0.1271, device='cuda:0')",2.442610263824463
68,17.818013167079492,"tensor(17.8180, device='cuda:0', grad_fn=<MeanBackward0>)","tensor(29.3530, device='cuda:0', grad_fn=<SqrtBackward0>)","tensor(0.1279, device='cuda:0', grad_fn=<MeanBackward0>)",22.43827986717224,19.768416377214287,"tensor(19.7684, device='cuda:0')","tensor(32.2356, device='cuda:0')","tensor(0.1261, device='cuda:0')",2.6209123134613037
69,17.77725078486189,"tensor(17.7773, device='cuda:0', grad_fn=<MeanBackward0>)","tensor(29.2870, device='cuda:0', grad_fn=<SqrtBackward0>)","tensor(0.1278, device='cuda:0', grad_fn=<MeanBackward0>)",22.372293949127197,19.760325065025917,"tensor(19.7603, device='cuda:0')","tensor(32.2069, device='cuda:0')","tensor(0.1251, device='cuda:0')",2.5558671951293945
70,17.813135871404334,"tensor(17.8131, device='cuda:0', grad_fn=<MeanBackward0>)","tensor(29.3150, device='cuda:0', grad_fn=<SqrtBackward0>)","tensor(0.1281, device='cuda:0', grad_fn=<MeanBackward0>)",22.301464796066284,19.756233756358807,"tensor(19.7562, device='cuda:0')","tensor(32.1648, device='cuda:0')","tensor(0.1254, device='cuda:0')",2.4088099002838135
71,17.720901205569884,"tensor(17.7209, device='cuda:0', grad_fn=<MeanBackward0>)","tensor(29.2224, device='cuda:0', grad_fn=<SqrtBackward0>)","tensor(0.1273, device='cuda:0', grad_fn=<MeanBackward0>)",22.380943298339844,19.73546264721797,"tensor(19.7355, device='cuda:0')","tensor(32.1401, device='cuda:0')","tensor(0.1296, device='cuda:0')",2.565476894378662
72,17.74997402142875,"tensor(17.7500, device='cuda:0', grad_fn=<MeanBackward0>)","tensor(29.2330, device='cuda:0', grad_fn=<SqrtBackward0>)","tensor(0.1275, device='cuda:0', grad_fn=<MeanBackward0>)",22.857093334197998,19.731116661658653,"tensor(19.7311, device='cuda:0')","tensor(32.1698, device='cuda:0')","tensor(0.1252, device='cuda:0')",3.065361499786377
73,17.7191560902173,"tensor(17.7192, device='cuda:0', grad_fn=<MeanBackward0>)","tensor(29.1869, device='cuda:0', grad_fn=<SqrtBackward0>)","tensor(0.1275, device='cuda:0', grad_fn=<MeanBackward0>)",22.82130002975464,19.7019106057974,"tensor(19.7019, device='cuda:0')","tensor(32.1466, device='cuda:0')","tensor(0.1261, device='cuda:0')",2.5943093299865723
74,17.683257881599136,"tensor(17.6833, device='cuda:0', grad_fn=<MeanBackward0>)","tensor(29.1449, device='cuda:0', grad_fn=<SqrtBackward0>)","tensor(0.1271, device='cuda:0', grad_fn=<MeanBackward0>)",22.735809803009033,19.673540078676663,"tensor(19.6735, device='cuda:0')","tensor(32.1735, device='cuda:0')","tensor(0.1253, device='cuda:0')",2.5341758728027344
75,17.635219332538075,"tensor(17.6352, device='cuda:0', grad_fn=<MeanBackward0>)","tensor(29.0900, device='cuda:0', grad_fn=<SqrtBackward0>)","tensor(0.1266, device='cuda:0', grad_fn=<MeanBackward0>)",22.974308013916016,19.77696706698491,"tensor(19.7770, device='cuda:0')","tensor(32.1920, device='cuda:0')","tensor(0.1304, device='cuda:0')",2.935262441635132
76,17.61562504949449,"tensor(17.6156, device='cuda:0', grad_fn=<MeanBackward0>)","tensor(29.0492, device='cuda:0', grad_fn=<SqrtBackward0>)","tensor(0.1267, device='cuda:0', grad_fn=<MeanBackward0>)",22.982964754104614,19.617859216836784,"tensor(19.6179, device='cuda:0')","tensor(32.0987, device='cuda:0')","tensor(0.1248, device='cuda:0')",2.7340846061706543
77,17.59286282937738,"tensor(17.5929, device='cuda:0', grad_fn=<MeanBackward0>)","tensor(29.0245, device='cuda:0', grad_fn=<SqrtBackward0>)","tensor(0.1265, device='cuda:0', grad_fn=<MeanBackward0>)",22.521697759628296,19.702546211389397,"tensor(19.7025, device='cuda:0')","tensor(32.1517, device='cuda:0')","tensor(0.1246, device='cuda:0')",2.4747140407562256
78,17.63639159745808,"tensor(17.6364, device='cuda:0', grad_fn=<MeanBackward0>)","tensor(29.0632, device='cuda:0', grad_fn=<SqrtBackward0>)","tensor(0.1268, device='cuda:0', grad_fn=<MeanBackward0>)",22.6338472366333,19.664442099057712,"tensor(19.6644, device='cuda:0')","tensor(32.1011, device='cuda:0')","tensor(0.1255, device='cuda:0')",2.560828447341919
79,17.56886058517649,"tensor(17.5689, device='cuda:0', grad_fn=<MeanBackward0>)","tensor(28.9908, device='cuda:0', grad_fn=<SqrtBackward0>)","tensor(0.1263, device='cuda:0', grad_fn=<MeanBackward0>)",22.551726579666138,19.639089868618893,"tensor(19.6391, device='cuda:0')","tensor(32.0588, device='cuda:0')","tensor(0.1275, device='cuda:0')",2.50323224067688
80,17.56970296932172,"tensor(17.5697, device='cuda:0', grad_fn=<MeanBackward0>)","tensor(28.9711, device='cuda:0', grad_fn=<SqrtBackward0>)","tensor(0.1265, device='cuda:0', grad_fn=<MeanBackward0>)",22.662882804870605,19.627907771330612,"tensor(19.6279, device='cuda:0')","tensor(32.1349, device='cuda:0')","tensor(0.1282, device='cuda:0')",2.6103789806365967
81,17.529611008076728,"tensor(17.5296, device='cuda:0', grad_fn=<MeanBackward0>)","tensor(28.9346, device='cuda:0', grad_fn=<SqrtBackward0>)","tensor(0.1262, device='cuda:0', grad_fn=<MeanBackward0>)",22.28740620613098,19.582294766719524,"tensor(19.5823, device='cuda:0')","tensor(32.0222, device='cuda:0')","tensor(0.1254, device='cuda:0')",2.3273534774780273
82,17.45243563833116,"tensor(17.4524, device='cuda:0', grad_fn=<MeanBackward0>)","tensor(28.8339, device='cuda:0', grad_fn=<SqrtBackward0>)","tensor(0.1256, device='cuda:0', grad_fn=<MeanBackward0>)",23.02467107772827,19.551710789020245,"tensor(19.5517, device='cuda:0')","tensor(32.0279, device='cuda:0')","tensor(0.1258, device='cuda:0')",2.460669755935669
83,17.49426806123951,"tensor(17.4943, device='cuda:0', grad_fn=<MeanBackward0>)","tensor(28.8750, device='cuda:0', grad_fn=<SqrtBackward0>)","tensor(0.1259, device='cuda:0', grad_fn=<MeanBackward0>)",22.826377630233765,19.630622872939476,"tensor(19.6306, device='cuda:0')","tensor(32.0424, device='cuda:0')","tensor(0.1257, device='cuda:0')",2.6075174808502197
84,17.473474840574628,"tensor(17.4735, device='cuda:0', grad_fn=<MeanBackward0>)","tensor(28.8619, device='cuda:0', grad_fn=<SqrtBackward0>)","tensor(0.1256, device='cuda:0', grad_fn=<MeanBackward0>)",22.685982704162598,19.6209478194897,"tensor(19.6209, device='cuda:0')","tensor(32.0600, device='cuda:0')","tensor(0.1246, device='cuda:0')",2.7452492713928223
85,17.474067428444005,"tensor(17.4741, device='cuda:0', grad_fn=<MeanBackward0>)","tensor(28.8381, device='cuda:0', grad_fn=<SqrtBackward0>)","tensor(0.1258, device='cuda:0', grad_fn=<MeanBackward0>)",22.457210063934326,19.7741641998291,"tensor(19.7742, device='cuda:0')","tensor(32.1699, device='cuda:0')","tensor(0.1275, device='cuda:0')",2.4184796810150146
86,17.448548256596432,"tensor(17.4485, device='cuda:0', grad_fn=<MeanBackward0>)","tensor(28.8073, device='cuda:0', grad_fn=<SqrtBackward0>)","tensor(0.1257, device='cuda:0', grad_fn=<MeanBackward0>)",22.524513959884644,19.62797260284424,"tensor(19.6280, device='cuda:0')","tensor(32.1021, device='cuda:0')","tensor(0.1262, device='cuda:0')",2.6598339080810547
87,17.45649125304403,"tensor(17.4565, device='cuda:0', grad_fn=<MeanBackward0>)","tensor(28.8093, device='cuda:0', grad_fn=<SqrtBackward0>)","tensor(0.1257, device='cuda:0', grad_fn=<MeanBackward0>)",21.985629320144653,19.62296960904048,"tensor(19.6230, device='cuda:0')","tensor(32.1398, device='cuda:0')","tensor(0.1246, device='cuda:0')",2.522077798843384
88,17.4628450236743,"tensor(17.4628, device='cuda:0', grad_fn=<MeanBackward0>)","tensor(28.8092, device='cuda:0', grad_fn=<SqrtBackward0>)","tensor(0.1258, device='cuda:0', grad_fn=<MeanBackward0>)",22.472172260284424,19.552995406664333,"tensor(19.5530, device='cuda:0')","tensor(32.0452, device='cuda:0')","tensor(0.1257, device='cuda:0')",2.4239561557769775
89,17.455072976365873,"tensor(17.4551, device='cuda:0', grad_fn=<MeanBackward0>)","tensor(28.7888, device='cuda:0', grad_fn=<SqrtBackward0>)","tensor(0.1258, device='cuda:0', grad_fn=<MeanBackward0>)",22.278323888778687,19.64248361954322,"tensor(19.6425, device='cuda:0')","tensor(32.0757, device='cuda:0')","tensor(0.1269, device='cuda:0')",2.4477813243865967
90,17.386559202701232,"tensor(17.3866, device='cuda:0', grad_fn=<MeanBackward0>)","tensor(28.7231, device='cuda:0', grad_fn=<SqrtBackward0>)","tensor(0.1253, device='cuda:0', grad_fn=<MeanBackward0>)",22.830224990844727,19.540981576992916,"tensor(19.5410, device='cuda:0')","tensor(32.0327, device='cuda:0')","tensor(0.1250, device='cuda:0')",2.441631555557251
91,17.380806246890298,"tensor(17.3808, device='cuda:0', grad_fn=<MeanBackward0>)","tensor(28.7147, device='cuda:0', grad_fn=<SqrtBackward0>)","tensor(0.1250, device='cuda:0', grad_fn=<MeanBackward0>)",23.209316968917847,19.547970084043648,"tensor(19.5480, device='cuda:0')","tensor(32.0525, device='cuda:0')","tensor(0.1273, device='cuda:0')",2.451164484024048
92,17.34730209881746,"tensor(17.3473, device='cuda:0', grad_fn=<MeanBackward0>)","tensor(28.6715, device='cuda:0', grad_fn=<SqrtBackward0>)","tensor(0.1249, device='cuda:0', grad_fn=<MeanBackward0>)",22.647342205047607,19.528034237714913,"tensor(19.5280, device='cuda:0')","tensor(32.0669, device='cuda:0')","tensor(0.1252, device='cuda:0')",2.6799492835998535
93,17.359424983398824,"tensor(17.3594, device='cuda:0', grad_fn=<MeanBackward0>)","tensor(28.6707, device='cuda:0', grad_fn=<SqrtBackward0>)","tensor(0.1250, device='cuda:0', grad_fn=<MeanBackward0>)",22.284448862075806,19.538967169248142,"tensor(19.5390, device='cuda:0')","tensor(32.0746, device='cuda:0')","tensor(0.1248, device='cuda:0')",2.749476671218872
94,17.33280274837832,"tensor(17.3328, device='cuda:0', grad_fn=<MeanBackward0>)","tensor(28.6307, device='cuda:0', grad_fn=<SqrtBackward0>)","tensor(0.1248, device='cuda:0', grad_fn=<MeanBackward0>)",22.144437313079834,19.55786945269658,"tensor(19.5579, device='cuda:0')","tensor(32.0739, device='cuda:0')","tensor(0.1245, device='cuda:0')",2.5798370838165283
95,17.341971614692785,"tensor(17.3420, device='cuda:0', grad_fn=<MeanBackward0>)","tensor(28.6424, device='cuda:0', grad_fn=<SqrtBackward0>)","tensor(0.1248, device='cuda:0', grad_fn=<MeanBackward0>)",22.814668655395508,19.62650767656473,"tensor(19.6265, device='cuda:0')","tensor(32.1866, device='cuda:0')","tensor(0.1292, device='cuda:0')",2.509399890899658
96,17.302509301825413,"tensor(17.3025, device='cuda:0', grad_fn=<MeanBackward0>)","tensor(28.6044, device='cuda:0', grad_fn=<SqrtBackward0>)","tensor(0.1245, device='cuda:0', grad_fn=<MeanBackward0>)",23.03593945503235,19.673982180081882,"tensor(19.6740, device='cuda:0')","tensor(32.1306, device='cuda:0')","tensor(0.1246, device='cuda:0')",2.4186878204345703
97,17.308398560632632,"tensor(17.3084, device='cuda:0', grad_fn=<MeanBackward0>)","tensor(28.5996, device='cuda:0', grad_fn=<SqrtBackward0>)","tensor(0.1249, device='cuda:0', grad_fn=<MeanBackward0>)",22.903034448623657,19.53991054571592,"tensor(19.5399, device='cuda:0')","tensor(32.1061, device='cuda:0')","tensor(0.1257, device='cuda:0')",2.419923782348633
98,17.293768236908733,"tensor(17.2938, device='cuda:0', grad_fn=<MeanBackward0>)","tensor(28.5792, device='cuda:0', grad_fn=<SqrtBackward0>)","tensor(0.1246, device='cuda:0', grad_fn=<MeanBackward0>)",23.082561254501343,19.55351878129519,"tensor(19.5535, device='cuda:0')","tensor(32.0770, device='cuda:0')","tensor(0.1259, device='cuda:0')",2.461899995803833
99,17.220514937292172,"tensor(17.2205, device='cuda:0', grad_fn=<MeanBackward0>)","tensor(28.4973, device='cuda:0', grad_fn=<SqrtBackward0>)","tensor(0.1241, device='cuda:0', grad_fn=<MeanBackward0>)",22.862372398376465,19.521913106624897,"tensor(19.5219, device='cuda:0')","tensor(32.1250, device='cuda:0')","tensor(0.1252, device='cuda:0')",2.4047744274139404
100,17.25518594210661,"tensor(17.2552, device='cuda:0', grad_fn=<MeanBackward0>)","tensor(28.5319, device='cuda:0', grad_fn=<SqrtBackward0>)","tensor(0.1244, device='cuda:0', grad_fn=<MeanBackward0>)",23.054233074188232,19.58511546941904,"tensor(19.5851, device='cuda:0')","tensor(32.0824, device='cuda:0')","tensor(0.1235, device='cuda:0')",2.886976718902588
